reason_code,title,guidance,keywords
R01,Not my account,"Consumer says they never opened this account. Common after identity mix-ups, similar names, or reporting errors. Furnisher must confirm the account actually belongs to this consumer using identifying information on file; if ownership can't be confirmed, the tradeline should be corrected or removed.",not mine never opened this account do not recognize unauthorized someone else's account not my account
R02,Incorrect balance,"Consumer disputes the reported balance amount. Usually a timing gap between a payment posting and the furnisher's next report, or a processing error on the furnisher's side. Furnisher should verify the balance as of the report date against their own ledger.",balance is wrong incorrect balance amount too high wrong amount owed balance shown is wrong
R03,Incorrect payment history,"Consumer disputes one or more reported late or missed payments. Often caused by payment-posting delays, address changes that misrouted a statement, or a furnisher system error. Furnisher must re-check the payment ledger month by month against what was reported.",late payment marked wrong never missed a payment always paid on time incorrect late marks payment history wrong
R04,Account status incorrect (open/closed),Consumer says an account is reported as open when it was closed (or vice versa). Common when a closure request wasn't processed downstream to the bureau feed. Furnisher should confirm current account status and correct the reported status if it's stale.,account shows open but is closed account shows closed but still open wrong account status
R05,Duplicate account reported,"The same underlying account appears more than once on the report, often after a balance transfer, account renumbering, or a furnisher system migration. Furnisher should identify which tradeline is current and request removal of the duplicate.",duplicate account same account listed twice appears twice on my report duplicate tradeline
R06,Incorrect date opened,"Consumer disputes the reported account-opening date, which affects how the account factors into credit age. Frequently caused by confusing an account renewal or reissue date with the true origination date. Furnisher should confirm the original opening date from account records.",wrong date account opened incorrect open date account age is wrong opening date wrong
R07,Paid in full but showing balance due,"Consumer paid off the account but it still reports an outstanding balance. Usually a lag between the payoff transaction and the furnisher's next reporting cycle, though it can also indicate a misapplied payment. Furnisher should confirm the payoff posted correctly.",already paid off paid in full balance should be zero payoff not reflected still shows balance due
R08,Suspected identity theft / fraud,"Consumer states the account was opened fraudulently and not by them. This is treated as higher-risk and time-sensitive; it typically involves fraud-alert or identity-theft procedures beyond a standard reinvestigation, and is generally routed for extra verification rather than auto-processed.",identity theft fraud someone stole my identity fraudulent account not authorized by me scam account opened without permission
R09,Incorrect credit limit / high balance,"Consumer disputes the reported credit limit or high-balance figure, which affects credit utilization calculations. Often the limit was changed (increased or decreased) but the change wasn't reflected in the furnisher's next report. Furnisher should confirm the current limit on file.",credit limit is wrong incorrect limit wrong high balance limit not updated wrong credit limit reported
R10,Account should be removed after bankruptcy discharge,Consumer says an account included in a bankruptcy discharge is still reporting a balance or delinquency status after discharge. This has specific post-discharge reporting requirements; furnisher must update the account to reflect discharged status rather than continuing to report it as owed.,bankruptcy discharged should not show balance after bankruptcy discharge account still reporting owed after discharge
